11	python-api
9	swift-scaffold-package
9	swift-macos-app
8	python-scaffold-package
7	swift-contributor-guide
7	python-test-harness
7	python-dev-toolchain
7	python-contributor-guide
6	vercel
6	swift-test-harness
6	react-native
6	python-infra-manifest
6	python-contract-first-api
6	postgres
6	audit-ui
5	swift-data-layer
5	swift-daemon-service
5	swift-cli-interface
5	react-native-best-practices
5	react
5	postgres-best-practices
4	react-composition-patterns
4	react-best-practices
3	deploy-status
3	create-skill
3	build-mcp-server
3	audit-subsystem-health
3	audit-migration
2	vercel-deploy
